flow,head,power,rpm,efficiency
0.9886598748597696,0.3196363947671604,0.9863343656294549,0.6694078946432748,1.4541405244662828
0.9110429737519028,0.3620433829658746,0.9866293073784594,0.6762746709707602,1.5173049552189752
0.8352724387424785,0.4077563739950806,0.9870225630437988,0.6928453947134503,1.5661351609447094
0.7629993994175484,0.45637506265181016,0.9882514869979845,0.708264802619883,1.599211984757049
0.701403106031132,0.5005812143234872,0.9891854692031656,0.7189555920467836,1.6109865507017527
0.6401997644885795,0.5425523342784399,0.9890871552868309,0.7348684210526316,1.5938593519918134
0.5968268046747223,0.5707690572169887,0.9889888413704959,0.7473273025497076,1.5633087544007218
0.5504588412158206,0.6032866641520944,0.9898736666175098,0.7635279605146199,1.5226364301520232
0.5093381836346949,0.6327184463180658,0.9901686083665143,0.7768503288888889,1.4771853377411321
0.478797716086922,0.6611982541606888,0.9901686083665143,0.7905427632280702,1.4511156477977272
0.43720679111440147,0.6968346649754162,0.9907093349063559,0.8067845395087718,1.395718393125052
0.3942912324405178,0.7371960643477524,0.9922332006095462,0.8314555920467837,1.3295778886904415
0.3473779287837639,0.784327021131586,0.994150321978076,0.85407072374269,1.243869307664098
0.3067360374023109,0.8319063578217168,0.996116600304773,0.8825246710643274,1.162670033355598
0.2636229994749625,0.8843357316966447,0.998967703878484,0.9149259868070176,1.0591962459195163
0.22197624205361424,0.9404055913803893,1.0,0.9455180921637426,0.9474343098746504
0.19174491865696164,0.973854093207398,0.9827950646414,0.964185855251462,0.8623472870797269
0.14923506003935894,0.9859126159649221,0.9146143636631765,0.9771381578479532,0.7301274586425244
0.12123656243980009,0.9941719451942942,0.8751904832128987,0.9850328946900585,0.6250574579835316
0.08083511650921837,1.0042959201304422,0.8235265201789314,0.9909950658245613,0.4474160797588787
0.0476427847006342,1.0002620649315848,0.7695521801110947,0.9958881579415205,0.2810607974003343
0.0,0.9865798139692575,0.680823870618886,0.9954769736608187,0.0
0.9881596255613936,0.3199165472108886,0.9858427960477806,0.6740542763040935,1.455403961492995
0.9163331277880813,0.36191765435702666,0.9877599174163102,0.679194078877193,1.5238392933876335
0.8346800009820845,0.4096678024400326,0.9878582313326452,0.6898848684912281,1.571030540597612
0.7662326057723905,0.4591608115145918,0.9884972717888217,0.709087170994152,1.6153899591523095
0.7063325328715018,0.5030445158833176,0.9891854692031656,0.7217927631345029,1.6302916758125665
0.6476303197818262,0.5459771979030181,0.9893820970358355,0.7420641446549707,1.6220530021038977
0.6011529341663424,0.5746565123645485,0.9894804109521702,0.7518092105730995,1.5845776053115013
0.5524298565023438,0.6094607616243374,0.98967703878484,0.7702302632046784,1.5440338192691856
0.5132521209248214,0.6389937250612477,0.9905127070736862,0.7850328946900584,1.5027775735007758
0.4795146849963927,0.668631541670058,0.9907093349063559,0.7929687500350876,1.468824565230915
0.439714411712491,0.7046307906983132,0.9909551196971931,0.8123355263625731,1.4190762827194008
0.39690839323419314,0.7461408830881013,0.9923806714840485,0.8353207236491229,1.3544414414172194
0.35023777776938386,0.7937739383293353,0.9946910485179177,0.8609375000701754,1.268524984617299
0.3076419867569681,0.8421651051227846,0.9970014255517868,0.8879111842807018,1.1794362760065098
0.2657892512738769,0.8960426359380235,0.9990660177948189,0.9212171052163742,1.0819303711904902
0.2237817666567199,0.9524074036675082,0.9987219190876467,0.9537828947836258,0.9685683868328181
0.19317260040869824,0.9782741099907053,0.9718330629700633,0.9612664473450292,0.8825550952597456
0.14761202373622723,0.9829504798596572,0.8985400383424273,0.9747532895438596,0.7328976856210921
0.11987545468624287,0.9774150891602151,0.8432384604040701,0.9735197368888889,0.6306469660047502
0.0789006933138931,0.9717509099344572,0.7766799390453718,0.9761101973333334,0.44804444601959975
0.04655151410991037,0.9665287187873969,0.7266381556309295,0.9723684210526315,0.28103330178209257
0.0,0.9548472458600846,0.6468072555670256,0.9740131578011696,0.0
0.9886362670589969,0.3207849517882803,0.9859902669222829,0.6722861842339182,1.4598401633003664
0.913009621595283,0.36474495009920593,0.9874158187091383,0.6834292762573099,1.530706661498147
0.8380958136759045,0.4096947977119161,0.9883989578724868,0.6903782894035088,1.576700671000941
0.7662048666064825,0.45923064563102606,0.9885464287469891,0.7071134867836257,1.61549681876412
0.7031830161703991,0.503302568923111,0.9882514869979845,0.7226973683274853,1.6253895153173055
0.6491997663772036,0.5458624169988887,0.9889396844123286,0.7417763156959064,1.626369250654936
0.5993130602131123,0.5754777942129344,0.9892837831195005,0.7486430920233917,1.5823000175073798
0.5512790942536724,0.6101683505392492,0.9898736666175098,0.7643503288888889,1.5422999340303145
0.5160710103761006,0.6402551590378504,0.9905127070736862,0.7805098683508772,1.5140140647294968
0.4808888950793789,0.6697954662766835,0.9907093349063559,0.79259868425731,1.475598167688261
0.43752242741073416,0.7062704304739492,0.9907093349063559,0.8148026314853801,1.4156389368478834
0.39640814393581697,0.7469958920268003,0.9926756132330531,0.8314967105497076,1.3538820784603784
0.3510750284237921,0.7967685775579261,0.9946910485179177,0.8613898026666666,1.2763545737231197
0.30744025809936426,0.8442258575401704,0.9970997394681217,0.8900082236257311,1.181430541581313
0.26581285907464974,0.8988449083551319,0.9997050582509954,0.9180098683508772,1.08471655999515
0.22223167845797623,0.9500588150136414,0.9908076488226908,0.9494243420818713,0.9671515190312501
0.18844714496700574,0.94385309839423,0.9188418620655753,0.9468749999532163,0.8785785688139186
0.14451609674287894,0.9333290902477778,0.8282947451211718,0.9503700657777778,0.739083539270868
0.11703496409725658,0.927876657310799,0.780022612200757,0.9479851972865497,0.6318676096009583
0.07708643382450149,0.9226658898556188,0.7210834193580101,0.949300986760234,0.4476765246207242
0.04540346675832788,0.9171474306994991,0.6713365776925724,0.9456825658011695,0.2815238988846102
0.0,0.9059312692218064,0.59892837831195,0.9515624999298246,0.0
0.9873674658064613,0.3206878504072988,0.9866784643366268,0.6722039474152047,1.4565086924922352
0.9160433420335948,0.36256125699777625,0.9876124465418079,0.6856496711111111,1.5262942652732678
0.8397509565880873,0.4104089824489254,0.9873666617509709,0.6915707237426901,1.584223006730393
0.76698191736892,0.45927634039854676,0.9880548591653148,0.7125,1.6181007180159706
0.7039193434765036,0.5034942557529338,0.9886938996214913,0.7256578947368421,1.6269828530561479
0.6446675407848366,0.5459056638324351,0.9895295679103377,0.7393503288888889,1.614180285717902
0.5969921773191359,0.5754924818167804,0.9888905274541611,0.755879934128655,1.5768394929488003
0.5535913603003667,0.6108255528131894,0.98967703878484,0.7653371710877193,1.5507450961690399
0.5123891377675708,0.6410393818857917,0.9901686083665143,0.7796874999766081,1.5055766907497297
0.4795921185829276,0.6694836946857868,0.9902669222828491,0.7947368421052632,1.4715911916352769
0.440661320601489,0.7068750021674415,0.9912992184043651,0.8123766446783627,1.4261664055214875
0.39612473228753925,0.7476709098202203,0.9925281423585508,0.8343338816374268,1.3543378724382105
0.35011324662030724,0.7970116710012097,0.9949859902669222,0.8593749999532163,1.2728688796183323
0.30638392705378426,0.845778255668888,0.9967556407609497,0.8865131578011696,1.1799434736553223
0.2656002708286905,0.8989651971107036,0.9987219190876467,0.9203536183391814,1.0850611678833195
0.21679775291509124,0.8993893016717553,0.9134345966671582,0.9255345394152047,0.9688408627015507
0.18544139977260965,0.8930027099309077,0.8465811335594553,0.9254934210994152,0.8878064552126456
0.13891030641036778,0.8835038421343699,0.7642923855871798,0.9261101973333334,0.7288040703722096
0.11437483710617466,0.8778206234221451,0.717396647495453,0.9285773026432748,0.6351910003865958
0.07521221052114692,0.8725173784612681,0.6627832669714399,0.9223684210526316,0.4493847329816538
0.04401532807288578,0.8685861324948343,0.616575726294057,0.9273026314853801,0.281421855401262
0.0,0.8578776453241502,0.5516393845548837,0.9231085526081871,0.0
0.9904783837533004,0.32106945611462967,0.9870717200019663,0.6731085526081871,1.4622535873537674
0.9176620108935836,0.3643618484322241,0.9867767782529617,0.6826069078830409,1.537885987183247
0.8400709603275629,0.4104140143132059,0.9875632895836406,0.6903782894035088,1.5845305879799598
0.7701230533007483,0.4593204032100846,0.988300643956152,0.7060032894502923,1.6244793447159378
0.7063732563278349,0.5036386158592531,0.9889888413704959,0.7214638158596491,1.6326357009608032
0.647366266530182,0.5458029186036795,0.9889888413704959,0.737541118502924,1.6215186116317462
0.6019623276158387,0.5761163649894036,0.9897753527011748,0.7471217105964912,1.5902679283116463
0.5533509148494956,0.61093006599426,0.9898245096593423,0.7609786183859649,1.5501057892705148
0.5166400764137294,0.6410157865222059,0.9897261957430074,0.780879934128655,1.5186901021481565
0.47960061739120574,0.6705346743387637,0.9907584918645235,0.7968749999532163,1.4731961712532926
0.4408651739611623,0.7070600931751668,0.9914466892788674,0.8126233553216373,1.4269874809926475
0.3978508166410443,0.7490563044533562,0.9928722410657228,0.837458881497076,1.3622874612014586
0.3511093777739166,0.7981545841745555,0.9945927346015829,0.8619654605847953,1.27882633068027
0.308097263194872,0.8457127054369089,0.9966573268446148,0.8907483551812866,1.1865669362685003
0.2596338713393744,0.8565107461921536,0.9279358993265497,0.8985608552046784,1.0876861515748983
0.21068108977385613,0.8495841130173036,0.8366022710514673,0.8978618421520468,0.9710471326141078
0.1797497950842893,0.8433211419421595,0.777958019957725,0.8945723684678363,0.8843672277425921
0.13640268581227832,0.833333775321412,0.7010273804256993,0.9006167762339182,0.7359263206842006
0.11153233985412267,0.8293806339455412,0.6613577151845843,0.8996710525380117,0.63481282207433
0.07390894187948312,0.8245091093403029,0.6093988104016124,0.8977384868304095,0.4538561778475441
0.0429120175037678,0.8196478524581234,0.56623900113061,0.9001233553216373,0.2819251823897659
0.0,0.8093164831158174,0.5060708843336774,0.892228618479532,0.0
0.992133526665483,0.3211375222787491,0.9870717200019663,0.6714226973567251,1.4650076053556782
0.9102937801943771,0.3650423060789204,0.9878582313326452,0.6852796053333333,1.526713557741089
0.8394697876808829,0.41082349926857775,0.9883989578724868,0.6942023026900584,1.5836364158203193
0.7701487858035907,0.4592859961381121,0.9876124465418079,0.709087170994152,1.6255438706603156
0.7073846145129427,0.5038485941957174,0.9883989578724868,0.7238486841637427,1.636631074029156
0.6485836027770328,0.546367779368255,0.9890379983286633,0.7384046051929825,1.626168252631721
0.6001546783106635,0.576065910350266,0.9892346261613332,0.7536184209590643,1.5862201876174298
0.5506971619646223,0.6116728779591356,0.9892346261613332,0.7687088815906432,1.5454685203872613
0.5125350339763469,0.6416785646457545,0.9906601779481885,0.7847039474152047,1.5067589968373387
0.4824904482838073,0.6711496497516468,0.9908076488226908,0.7945312499649123,1.4833585802543527
0.4376726910626532,0.7080745578130266,0.9914466892788674,0.8132401315555555,1.4186866527590847
0.39726900239099805,0.7497517896947283,0.9922823575677138,0.836677631625731,1.3623676785912529
0.3524899619631114,0.7988294659716438,0.9947893624342525,0.8613898026666666,1.2846863448526575
0.30151033266224225,0.8117188583189534,0.9357026987170033,0.8715049341754386,1.1871274963585738
0.2534205342539746,0.8063238158340392,0.8483507840534829,0.8715460526783626,1.0932090911521768
0.20463088259179657,0.7987167250124929,0.765226367792361,0.8705592104795321,0.9693964841669528
0.17325103968754602,0.7934448272061205,0.7128250503858821,0.8675986842573099,0.8752599162563355
0.13178677056617172,0.7844368381696009,0.6418424027921151,0.8722450657309943,0.7310192304643819
0.1079382882644678,0.7795863929958081,0.6046305854593718,0.8700246710643275,0.63165083571244
0.0701281525857152,0.7751172135385164,0.5570958069114683,0.8727796053333333,0.44285066466918543
0.04149672984743695,0.7722358592544042,0.5228334070687706,0.874177631625731,0.27818129144231313
0.0,0.7613738322249972,0.46534926018777956,0.869243421005848,0.0
0.9913371175064118,0.3214732972222273,0.9868750921692965,0.671628289497076,1.4656541248395618
0.9123825984067567,0.3639369278931809,0.9879565452489799,0.6821957236023392,1.5254314149565407
0.8442961664708794,0.41106972062749525,0.9873175047928033,0.6962993420350877,1.5954414789908449
0.7715658440449795,0.45979156250197617,0.9889396844123286,0.7102384868304094,1.6281394415384112
0.7098492689136257,0.5039658230338211,0.9890871552868309,0.7204769736608188,1.6415725198011775
0.6472717172880869,0.5461494372573783,0.9891854692031656,0.741735197380117,1.621988623650671
0.6002191276067733,0.5765219740493159,0.9898736666175098,0.7531661183625731,1.5866215032626751
0.5541023511480946,0.6114762952613642,0.98967703878484,0.7675986842573099,1.5538301166197035
0.5171488245203839,0.6419529372453766,0.9899228235756771,0.7805098683508772,1.522105675601078
0.4775782551380018,0.6710558122826311,0.9899719805338445,0.7969161184561403,1.4692905812067647
0.4433599283078306,0.7087039488370919,0.991053433613528,0.8145559210292398,1.4389696393402966
0.3953732959889402,0.7500282702374952,0.9923806714840485,0.8377055921403508,1.3562322897563273
0.3418989123414028,0.763000484350936,0.9292631371970702,0.8453125000233919,1.2741226433068567
0.2940947683224863,0.7601243659256023,0.8484982549279851,0.84592927625731,1.1957720834893433
0.2446137622146761,0.7558725766048638,0.771420144521457,0.844120065871345,1.0878422232431886
0.19649610660149655,0.7489118083507053,0.6962591554834586,0.8419819078362574,0.959270567441373
0.16933273495427642,0.743563548603967,0.6474462960232021,0.8401726974502923,0.8826381079668099
0.12807467997265273,0.7352287414103866,0.5849678021924003,0.8405838815438598,0.7306025837017909
0.10443441847376513,0.7307588819714355,0.5522292680528929,0.8430098683508772,0.6272284451451734
0.06833124482989164,0.7271786425376534,0.5095610283635649,0.8482319079298245,0.44257986585338693
0.04021411803144937,0.7238414965471551,0.476945386619476,0.8413240130994153,0.2770006469459567
0.0,0.71431536148607,0.42871749496141176,0.8417351973801169,0.0
0.9925372200586984,0.32115846571386275,0.9879073882908125,0.6727384868304094,1.464459458668113
0.9163352524901508,0.36402382954926943,0.9877107604581429,0.6838815788538012,1.532787091522528
0.8405648355197304,0.41213232796685006,0.9874158187091383,0.6949835525614035,1.5923378923547578
0.7673019211083956,0.4601248895114801,0.9889888413704959,0.7097039474152047,1.62023507946848
0.7076936406250589,0.5037153177904485,0.9897261957430074,0.7237664473450293,1.6347178175828523
0.6452815796829379,0.546152973162008,0.9893820970358355,0.743421052631579,1.616690674361076
0.5986002226687769,0.5757960256295968,0.9889396844123286,0.7561266447719298,1.5818421470275934
0.5525887370015449,0.611567344805576,0.9897753527011748,0.7685855262690058,1.5496623879028644
0.5160151779272729,0.641933353773582,0.9905127070736862,0.7787828947836257,1.5178182720925186
0.483256993574901,0.6714239543531032,0.991053433613528,0.7951480263859649,1.48595384236793
0.4404272492568264,0.708674641627566,0.9912009044880302,0.8158305921871345,1.429179554438735
0.38583007860453344,0.7134241775230838,0.9195300594799194,0.8157483551812866,1.3586430900726145
0.3318576883996933,0.7125915399809837,0.8380278228383227,0.8125,1.2807416076234313
0.28381723029504086,0.7106099374287677,0.7681757852824067,0.8148848684912281,1.1916173875753422
0.23604956032831842,0.7060932952516404,0.6975372363958118,0.8155427632280702,1.0844893656115544
0.19086458376614301,0.6992869508323621,0.6307329302462763,0.8153371710877192,0.9604232796468765
0.16186558756983188,0.6947340656327817,0.5883596323059529,0.8159950658245614,0.8674763938572986
0.12249898958612693,0.6872626311523125,0.53182913041341,0.8156661183625732,0.718473121996864
0.10130201742822284,0.6826781948037298,0.50258074030379,0.8155427632280702,0.6245334364485196
0.06609617629172443,0.6801075921380249,0.46443002507004866,0.8131578947368421,0.4392998760671698
0.038933512878527476,0.6760174344577577,0.4370790935456914,0.8166529605614035,0.27330581007141985
0.0,0.6668098708041647,0.388261318389618,0.8131578947368421,0.0
0.9952103313402053,0.32172115053712774,0.9880057022071475,0.6733963815672515,1.4708298951040388
0.9207300806820199,0.36320336367887485,0.987268347834636,0.6837171052163743,1.5373558008976684
0.8394740370850221,0.4107861002773033,0.987514132625473,0.6981496711111111,1.5849191028064882
0.7658032979153367,0.45938547745490205,0.9880548591653148,0.7075246710643275,1.6159981017960046
0.7050744731683178,0.5041251427366501,0.9892346261613332,0.7213404605380117,1.6308028080784986
0.6459063601303906,0.5459098797187242,0.9891363122449982,0.7427220393918128,1.6179376455879004
0.6028833859629905,0.5765212260694904,0.9896278818266725,0.7503700657777778,1.5940579494538412
0.5544264862527055,0.6113804858455358,0.9901686083665143,0.7701891447017545,1.5537237310227077
0.5137115287278606,0.6419130223219619,0.9905618640318536,0.7825246710643274,1.510919426562362
0.4756889228421526,0.6551015386013008,0.9534975175736125,0.7854851972865498,1.4833358792103197
0.42720416592695554,0.6604406185956352,0.8923954185714987,0.785814144748538,1.4349584737358336
0.3740260601791171,0.6629001122581721,0.8248537580494519,0.7855263157894737,1.3642702487683793
0.31861512863418484,0.6622333222428325,0.7521014599616576,0.7872944078596492,1.2732931479688718
0.27270244161318713,0.6601275550395854,0.6890330826328466,0.7853207236491229,1.1857802816193346
0.22723842084587695,0.6557376614437955,0.6279801405889004,0.7817845395087718,1.076944669443065
0.18380325447698334,0.6503444549093622,0.5667305707122844,0.786677631625731,0.9572985674495121
0.15627490622981532,0.6454451190542488,0.5291746546723689,0.7861842105263158,0.8651211777647947
0.11887495608949056,0.6384764630128397,0.4800717691589244,0.7870888157192982,0.7175571631474454
0.09754483593522774,0.6351492447545705,0.45457897065329594,0.7835526315789474,0.6185832248291819
0.06298313364281587,0.6315501018306534,0.4207933933048223,0.7862664473450293,0.42903287551615366
0.037673210434270216,0.6282504228295954,0.39248881679201686,0.7898437499883042,0.27369416887261194
0.0,0.6205018278246999,0.35414638942142257,0.7843338816374268,0.0
0.9936172769440551,0.3214337902878084,0.987514132625473,0.6708470394385965,1.4678942009068208
0.9207709221773569,0.3650189827079984,0.9879565452489799,0.6852384868304093,1.54403312793933
0.8445688365698054,0.4113414412986453,0.9878090743744776,0.6971628289122807,1.596216946064293
0.7722054974069191,0.4597443717748045,0.9885955857051566,0.711636513122807,1.6298890949806009
0.710549122167536,0.5040104978288525,0.9891854692031656,0.7252467104561403,1.6431733097899304
0.6476132041262659,0.5462874735342639,0.9898245096593423,0.7413651316023392,1.6222065263739482
0.6020933509101278,0.5766511705646274,0.9900702944501794,0.7498766446783626,1.5916163410748492
0.5440996079216448,0.5934460375734746,0.9463697586393354,0.7560444079532164,1.548553464116667
0.49569429125604825,0.6004695001366422,0.892542889446001,0.7518092105730995,1.5135723535999674
0.45772527507809463,0.6055068722686411,0.8484982549279851,0.7581003289824562,1.4825195464048977
0.40866082861492087,0.610466794489619,0.7929508921987907,0.7536184209590643,1.4279275598620762
0.35825451475581976,0.6127714563282799,0.733569286732537,0.7561266447719298,1.358239855202463
0.3074445075035034,0.6122913892766485,0.6703042815710565,0.75509868425731,1.2746187649044596
0.2616456100822307,0.6102220690903525,0.6150027036326992,0.7539884869239767,1.1782887963254531
0.21719058671995103,0.6060125746288372,0.5592587130708352,0.7520148027134503,1.0681623986422482
0.17646288098268886,0.6006734946345027,0.5069065526225237,0.757648026385965,0.9490549078101187
0.1509461534393733,0.5967293970147037,0.4738583296465615,0.7553453947134503,0.8627369028708639
0.11351397865099361,0.5903656526576164,0.4308656540333284,0.7570312499649122,0.705920774200196
0.09233199744658027,0.587275815996691,0.4062036081207295,0.7531250000467836,0.6058679535078457
0.061604792194694474,0.5832339370142509,0.37689131396549186,0.7580592104795322,0.4326817380657368
0.03620598561623914,0.579884279361217,0.35421520916285704,0.756578947368421,0.2690183567255008
0.0,0.5716671769929021,0.3152337413360861,0.7526315789473684,0.0
0.9943622210974417,0.3220693691449754,0.9883989578724868,0.6730263157894737,1.470581743488
0.921107923533389,0.36333317217768,0.9876616034999753,0.6847450657309941,1.5379237685713274
0.8414750342785268,0.41147757362688414,0.9879073882908125,0.6907483551812865,1.5907377330177148
0.7657259823678058,0.4598827480425198,0.9892837831195005,0.7036184209590644,1.6155746207754484
0.709087091065675,0.5045885502376231,0.9902177653246816,0.7206414472982456,1.6399615567860364
0.6337545987995905,0.5226470271643834,0.9258221501253502,0.7253700657777777,1.623788464599118
0.5789577061527594,0.5353670360803028,0.8850710318045519,0.7243832237660819,1.5894532180740353
0.5225484007131445,0.5447948457934193,0.8316865752347244,0.7253700657777777,1.5535571436792386
0.47846708883709865,0.5519695362776675,0.7888708646708941,0.7225740131929824,1.5194579076280887
0.43731408856891396,0.5566404662933431,0.7485130020154354,0.7240542763040936,1.476033811649696
0.38977399780164157,0.5602775521938623,0.6993068868898392,0.7221217105964912,1.4173453768996924
0.34320218098306654,0.5626316486991713,0.6483311212702157,0.7243832237660819,1.3517760219403194
0.29219256977521596,0.5624686570953807,0.5925379737501844,0.7240953948070176,1.2588637198050756
0.2514002967028401,0.5600203151320603,0.5437251142899278,0.7245888157192982,1.1752157006380832
0.209096652224988,0.5565507087142845,0.4962886496583591,0.7239309209824561,1.0642530107180497
0.16871869605617523,0.5514417345135366,0.4495354667453178,0.7203125000233919,0.9393475148047833
0.1434211669430353,0.5482659481708458,0.42113257631617756,0.7265213816140351,0.8474480773129415
0.10863389211423909,0.541955854366696,0.38172835864916677,0.7236019737076024,0.7000067652877137
0.08894203529460647,0.5390530806603084,0.36238017991446686,0.7198601974269005,0.6004841797307295
0.05862053009900167,0.5355549830109982,0.33706926215405786,0.7257401315555555,0.42272902323643036
0.034691309118654694,0.5331904147881323,0.316152976453817,0.7232319079298246,0.26554196088492654
0.0,0.5262796251859495,0.2830261023447869,0.7252055921403509,0.0
0.9922752915091239,0.32199423117159687,0.987268347834636,0.6756578947368421,1.4688331487341242
0.9152016058970398,0.364772557354583,0.987514132625473,0.6798108552982456,1.534344999868206
0.8350943178856476,0.4082800958692542,0.9760605613724622,0.6893914473918129,1.5854201818222253
0.7511695304502857,0.4381138151941766,0.9176129381113896,0.6901315789473684,1.6277690767054924
0.6777157469697027,0.4599359226082954,0.8593127857248193,0.6913651316023391,1.646345740781571
0.6053738909055197,0.47749053312534057,0.8086811188123678,0.6937499999064327,1.622327609525365
0.5515667553060892,0.4876105641678633,0.7704370053581083,0.6934621711345029,1.5843877072302388
0.4986399545974775,0.49729418298129663,0.7271788821707713,0.6917763156959064,1.547699370520075
0.45604203888299216,0.5031552168974899,0.6892297104655164,0.6909128290058479,1.5110202306072391
0.41907352130179076,0.5081727335650302,0.6536892297104654,0.6923519736140351,1.4786236941979412
0.37256178633618264,0.51150498368758,0.6121516000589884,0.6891447367485379,1.4129168302091677
0.32833658491442647,0.5132872156172203,0.5678611807501351,0.6895970395321638,1.346991805409081
0.2791777072481614,0.5126776120594475,0.5190483212898785,0.6919407895204679,1.251539926247988
0.23954044582859602,0.5111081463910755,0.4767782529617067,0.6918585527017544,1.1654741067528311
0.2002382971410009,0.5076095047564377,0.4350341640859263,0.6921874999766082,1.060427386065991
0.16212751611940635,0.5034491049707407,0.3959887922135378,0.6946134867836257,0.935528061171132
0.13675692086287455,0.5001988606363309,0.371095708597552,0.6912828947836257,0.8366301098327521
0.10444091061897764,0.49454372516664474,0.33736420390306243,0.6901315789473684,0.69487031100435
0.08513763820006572,0.4913633149486692,0.31880253649904144,0.6924753289356725,0.5955661004270282
0.05579939790664908,0.4886321006149822,0.2970407511183208,0.6915707237426901,0.4166034704657503
0.03305729518816362,0.4862117058978685,0.27775156073342183,0.6918996710175438,0.2626416687210261
0.0,0.47987053693187787,0.25191466352062136,0.6916118420584795,0.0
0.9645710651461984,0.30784034493021656,0.9221353782627931,0.6622121710409357,1.4614787102147757
0.8816617672610796,0.33724730776561496,0.879221353782628,0.6587582237192983,1.5348985752250872
0.7936236746580646,0.36906500957856164,0.8361598584279604,0.6569078946432748,1.5898479211277496
0.714634806208285,0.3968576959542247,0.7878877255075456,0.6615542763040936,1.6337366328978526
0.6424433318350249,0.416279672104684,0.7417784987464976,0.6548930921169591,1.636338691568297
0.573749235107255,0.4314865779440197,0.6943420341149289,0.6581003289824562,1.6182416084964943
0.5248907667058241,0.44071977690617725,0.663717249176621,0.6617187499415205,1.5818881719790021
0.4733659152461066,0.449702878613958,0.6267512166347147,0.6598684210526315,1.5415402750027025
0.43206914347121544,0.4547514704433392,0.5923413459175146,0.657648026385965,1.5055068184766984
0.39679023619132514,0.45879525337442595,0.5646659784692524,0.6574835525614035,1.463240393902888
0.3541645813109317,0.4620635852209794,0.5275524750528436,0.6577713815204678,1.4078896494237274
0.3116740810899627,0.4636228511644584,0.4899375706631274,0.6572368421052631,1.3386042123832744
0.26584284098163125,0.46324879325354834,0.44897016172639237,0.6583881579415205,1.244942226303022
0.2278610765912602,0.46172094246273987,0.41334611414245687,0.6569078946432748,1.1552161982304199
0.190755161609561,0.4588898388232672,0.3784889151059332,0.6553453947134503,1.0496849859893729
0.15319833763310078,0.45439380009042396,0.34434449196283734,0.657648026385965,0.9175309440616408
0.13034397982194051,0.45181782556960876,0.3230300349014403,0.656620065871345,0.8274444449800524
0.09850461107564694,0.44687809880391904,0.29441576955218013,0.6581003289824562,0.6785970602039745
0.08091668146088848,0.44416823589434146,0.27983090006390404,0.6571134867836257,0.5829312017562128
0.052765913546344946,0.442079196239919,0.2597896082190434,0.6581825658011696,0.4075296158810532
0.03147474626335729,0.4393357422363604,0.24526372708056823,0.6564144737309942,0.25588973319791986
0.0,0.43377655217883465,0.22107850366219337,0.656620065871345,0.0
0.918005622433832,0.27529370277824866,0.7750086024676792,0.6238898026666667,1.4800026934914021
0.8360003852793086,0.3022053369176526,0.745612741483557,0.6227796053333333,1.5378808780205078
0.7467083643382451,0.32971637488993644,0.7029936587523964,0.623273026245614,1.5895256317859852
0.6731491720272113,0.35502801218445534,0.6671582362483409,0.6226151315087719,1.6258201264361423
0.6074370946540607,0.37194622786634196,0.6264071179275427,0.6259046051929824,1.6370132509912056
0.544795211771416,0.3860232081820289,0.5898343410509758,0.6209292762573099,1.6182441809704669
0.49787128460431435,0.39475872856757305,0.56279801405889,0.6197368421052631,1.5849795908005555
0.4491846809925097,0.4020451400384829,0.5314850317062381,0.6222039474152047,1.542183761926809
0.4090215558107297,0.40670002248699344,0.5041046060069803,0.6216694078128655,1.497707959159639
0.3759025262235451,0.4102661863004231,0.4798259843680873,0.6201480263859649,1.4587625869492566
0.33549883755189,0.41326075753084784,0.44970751609890375,0.6245065789005848,1.3993052117280316
0.29607215771521816,0.41469769477377655,0.4180553507348965,0.6220805920935673,1.3329774858167789
0.2517953732487734,0.41435219609256696,0.38417637516590475,0.6215460526783626,1.232577247568481
0.21383709862017125,0.412893771429197,0.3539300988054859,0.6234786183859649,1.1322212404658096
0.17845089388576846,0.41038769902298194,0.32482917957036817,0.6238898026666667,1.0232586812659954
0.1447715331472409,0.4067806003136483,0.29639187927051075,0.6235608552046783,0.9017881346682499
0.12369271803220483,0.4042758198725864,0.2785872290222681,0.623314144748538,0.8146819726900767
0.09367174014043808,0.4000470139319402,0.25419554637959,0.6247121710409357,0.6690816120508146
0.07609891951817423,0.3979279190881664,0.24239787641940716,0.6226151315087719,0.5669979663058274
0.05054229479155256,0.39479918747631537,0.2238116305363024,0.6217516448187135,0.4046466656133663
0.029579275939307176,0.39319660670112405,0.21109472545838862,0.6210115130760233,0.2500617860383551
0.0,0.3885079971623005,0.19396352553703974,0.6206003289824562,0.0
0.8591101794948308,0.24347436900931907,0.6363859804355306,0.5867598684444445,1.491794222871071
0.7827900548834152,0.26770898335330096,0.6195251437841026,0.5864720394853801,1.5352415569878213
0.7007610918891151,0.2910565616224199,0.5846237034852283,0.5838404605380118,1.5834281663488239
0.6331169521007165,0.3130145973702797,0.554539645086762,0.5817023026900585,1.621971966993942
0.5681133448287584,0.3289479276164963,0.5217519539890871,0.5831003289824561,1.625644099072737
0.5103645327732933,0.34091213691784306,0.4914565206705009,0.5854440789707602,1.6068127079211623
0.4668349352013084,0.3484191344391059,0.4689426338298186,0.5835937500818714,1.5742475947929107
0.4223090884367103,0.3552531541119273,0.44455095118714055,0.5820723684678363,1.531701850940559
0.38443662816391744,0.35900202899727385,0.42157498893968437,0.5847450657309942,1.4858474931732915
0.3526981827659277,0.3622425495939523,0.40146487735338937,0.5846217105964913,1.4443835646570125
0.31565447433926486,0.3647994846283006,0.3770043749692769,0.584991776374269,1.3862679621012757
0.27489454395394775,0.3660442590542448,0.350926608661456,0.5838815788538011,1.3014000863477295
0.2372968784821506,0.36600203219318767,0.3229661308558226,0.583264802619883,1.220522955585657
0.20129451014757707,0.36457053480353524,0.29851545986334366,0.5821957236023392,1.1157684547848983
0.16857917395360783,0.36268358569832654,0.2743105736617018,0.5834703947602339,1.0116183171657442
0.13687071046259958,0.35898611742644077,0.2504841960379492,0.5850328946900585,0.8902977101433649
0.11584560309432167,0.35696106404618055,0.23585016959150568,0.5821957236023392,0.7957774348475345
0.08826354710039548,0.35308333263635217,0.21583837192154548,0.5840049341754386,0.6553259231659186
0.0723932030308639,0.35065668208797074,0.20502875682052796,0.5817023026900585,0.5619433598536866
0.046737779658007954,0.3487823126434634,0.1912500614461977,0.5815789473684211,0.38685512707060743
0.027892498574088834,0.34711254968030997,0.1811433908469744,0.5878289472748538,0.24258427916665798
0.0,0.3431354729500236,0.16429238558717985,0.5844161184561404,0.0
0.8018035415478407,0.21135910722215998,0.5257336676006489,0.5452713815204678,1.4630209892984154
0.7291718997291713,0.23241093141235794,0.503957135132478,0.5473273025497076,1.526231058628169
0.6578927488167771,0.2527336792672028,0.475932753281227,0.5430509868538012,1.5856233641788005
0.5879728170338782,0.27215205151486654,0.4510298382736076,0.5461759869005848,1.6102414337424906
0.5293521688958726,0.28640963495932587,0.42682003637614907,0.5463815788538011,1.6121852101690533
0.47560086574526994,0.2961740355939119,0.4005800521063756,0.5456414472982456,1.5959809799950146
0.4353539328707463,0.3031240601378499,0.38440741286929164,0.5439967105497077,1.5581115184353764
0.3913563106484402,0.30859274463649167,0.3639532025758246,0.5454358553450293,1.506051828336571
0.35769418360447675,0.31231748017292477,0.3461387209359485,0.5449835525614035,1.4648238293918647
0.3289335081569673,0.3150856175107245,0.3304773140638057,0.5437911184093567,1.423385229840531
0.2940389358736586,0.31747711300730797,0.31031312982352655,0.5475328946900585,1.3653516632265585
0.25817833238272586,0.31842432745903976,0.28940667551491916,0.5447779606081872,1.2892730294838415
0.21980999025469986,0.3181134398443005,0.26678955906208524,0.5441611841871346,1.189564585058134
0.18787394756424153,0.3171267184581497,0.24715626997001428,0.5445312499649123,1.0940953510301072
0.1560881685257023,0.3151485158142314,0.22731652165364008,0.545805921122807,0.9821586810789629
0.12739194237430262,0.31224778205282244,0.20818954923069358,0.5472861842339182,0.8671811068407678
0.10829901546027657,0.3100919002012678,0.1962493240918252,0.5443256578245613,0.7766657822853499
0.08216836705786365,0.3071114725893613,0.18109423388880697,0.5451891447017544,0.6324460505642062
0.06645690348753319,0.30531897293666194,0.17194120827803175,0.545723684116959,0.535600940360641
0.04412368787843305,0.3031451395692955,0.16008946566386473,0.547491776374269,0.3792163631090326
0.026164171479510317,0.30188887345330523,0.15177702403775253,0.5418996710175439,0.2361975948861526
0.0,0.2986222415609006,0.13902570908912157,0.5429276315321637,0.0
0.7322999333315706,0.18074572092641517,0.41550902030182374,0.5041529605614036,1.4457858608434697
0.6716955216946245,0.19804744626427936,0.39620999852529126,0.5019325657076024,1.5238551221732117
0.607230998553314,0.21648412899007288,0.37906405151649214,0.5054276315321637,1.5739640433953288
0.5396811719290029,0.23213383888609757,0.3584132133903554,0.49703947359064327,1.5864234430303565
0.48718367907744486,0.24393798050478982,0.3400481738190041,0.5056332236725146,1.5862042843754094
0.4388879026074344,0.2524380912398031,0.3197512657916728,0.502549342128655,1.5726194262914752
0.4001008761327023,0.25810369842704606,0.30537285552769994,0.5021381578479532,1.534831523614159
0.3630100701434977,0.26307640430322315,0.29106326500516144,0.5034128290058479,1.4891573316585853
0.3302752575138908,0.26621955152625626,0.27708302610234475,0.5029605262222222,1.4402353818132554
0.30314635325579903,0.26855617250291525,0.2646364842943519,0.5047697367953217,1.3962564076017334
0.2713498326679081,0.2702759141180444,0.24931917612938112,0.5035773026432748,1.3350841206256288
0.2372110641263414,0.2711131075372635,0.23256648478592143,0.502508223625731,1.2550636132710968
0.20180125159116577,0.27101682213427336,0.21508627046158385,0.5030427632280702,1.154077105280639
0.1733389787454248,0.2703416683445214,0.19960674433466058,0.5027960525847953,1.0655195500883141
0.14425416819330444,0.26861567089812455,0.18419112225335496,0.5022203946666667,0.9548132410633725
0.11704145624246912,0.26593824311370673,0.16928181684117385,0.5062911184093567,0.8345216558316908
0.09964250707289711,0.2642665082037407,0.16002556161824708,0.5044819078362572,0.746835275684955
0.07605595332076769,0.26180409062006776,0.14748070589391926,0.5034128290058479,0.6127761382259107
0.06119259999320096,0.2599047658486555,0.14038735683035933,0.5041940788771929,0.514176901268378
0.04090039679991539,0.25837426312937484,0.13179963623850957,0.5054687500350877,0.36390663281408836
0.024012910634086643,0.2573548346254005,0.12545838863491127,0.5037828947836257,0.2235655287960061
0.0,0.2543411559103428,0.11494371528289829,0.502549342128655,0.0
0.6691772775861874,0.15038107192172812,0.3167625227350931,0.459128289497076,1.4418762203386064
0.6097343697472644,0.16447022390912072,0.30421766701076536,0.4594572367719298,1.4961355381127142
0.5478761478112736,0.17910642114160896,0.28998181192547806,0.4590049341754386,1.5358549470950327
0.49498794585692535,0.19259236139882835,0.2750086024676793,0.45830592112280705,1.573311845896294
0.443171065901648,0.20193517340450293,0.2604728899375707,0.45995065787134504,1.5593666860295567
0.39690190108898066,0.20944965072402066,0.24577004374969277,0.4586759869005848,1.535186997387364
0.36416720649837764,0.21424365742007204,0.2360369660325419,0.45756578938011694,1.500224298745348
0.3299790976531957,0.21799566022105252,0.22465713021678216,0.459128289497076,1.4532538501915582
0.300250030217985,0.22056388295094903,0.21443248291795702,0.45768914470175437,1.4016974873350938
0.2740228259104112,0.22267828592127212,0.20508774517032882,0.459991776374269,1.3503685375967267
0.24598561151758497,0.22421803639112248,0.19340313621393107,0.45805921047953213,1.2943274082784093
0.214084036216255,0.22481689623867465,0.181571056383031,0.4585115130760234,1.2030786564817773
0.1840158427229426,0.22463629310990224,0.1680381457995379,0.4590049341754386,1.1164895657676202
0.15858292287237058,0.22401621783457257,0.1563584525389569,0.45847039476023393,1.0311976762904937
0.13113625761587652,0.22269154556363308,0.1448213144570614,0.45805921047953213,0.915211441077101
0.10626154421457791,0.22075176188347845,0.1338445656982746,0.4595805920935673,0.7954391624703908
0.0903353676962186,0.21932461637644707,0.126839699159416,0.4567434210058479,0.7089529309950403
0.0688850838360221,0.2167412980537089,0.11754411836995526,0.46069078942690056,0.5764921115280923
0.056368345905274175,0.21566203116369545,0.11234822789165806,0.4579769736608187,0.49110026238538423
0.037055984483064706,0.21437509787486012,0.10552032640220223,0.45723684210526316,0.3416834756889944
0.021885965823458975,0.21328100738466882,0.1002654475741041,0.4587993420350877,0.21129733225094957
0.0,0.21073549604220074,0.09306886889839257,0.4581003289824562,0.0
0.5914980518842803,0.11982106418625676,0.23042815710563827,0.41085526306432746,1.3959772963936394
0.5395051757742414,0.13172659107038565,0.22069507938848743,0.4083881579415205,1.4615168567257424
0.48983518922124475,0.14338331266529078,0.21182224843926659,0.4097039474152047,1.5048888623758472
0.4396199805093997,0.15367966295213087,0.20099297055498205,0.41044407897076024,1.5255988890524663
0.39610761663197896,0.16117945266780265,0.19085680578085829,0.40851151307602335,1.518247691865512
0.35516071246454106,0.1672894278695515,0.18063215848203315,0.4121710525380117,1.4928829340022343
0.32460088652013463,0.17096078484571112,0.17332743449835322,0.4118832237660819,1.4531361476439582
0.2926605944255372,0.17410495204123355,0.1660767831686575,0.4112253290292398,1.3924956932892933
0.26697861227681186,0.176098998257819,0.15884087892641205,0.4092927631345029,1.3433787861304334
0.2441200050615125,0.17734438466725674,0.15200314604532272,0.4094572367719298,1.29269374066992
0.21829637610815017,0.17877146217612216,0.14404955021383276,0.4083881579415205,1.2295897167688914
0.1920991537075579,0.1794329483345175,0.1354175883596323,0.409128289497076,1.1552606483557886
0.16366048866258975,0.1795218219374187,0.125979452391486,0.4139802631111111,1.0584949372168795
0.14045189580083325,0.17879675749385687,0.11792262694784447,0.40592105263157896,0.9665348312283766
0.11720246144373977,0.1778760623268469,0.1096691736715332,0.41130756584795325,0.8627740594128247
0.09480538673354914,0.17613734922341673,0.10160251683625818,0.4083881579415205,0.7459460434034902
0.08156719441118368,0.17517633114399636,0.09667698962788183,0.4073601974269006,0.6708033808643783
0.06147813634354827,0.1734083788292062,0.09024234380376542,0.40863486839766083,0.5361765501253438
0.04939011607483484,0.1720885344280494,0.08619672614658605,0.41130756584795325,0.44753666609280657
0.033278854398416574,0.1711683152482011,0.08191023939438627,0.41118421052631576,0.3156319504387629
0.019667304706828884,0.17041557555109624,0.07810057513641055,0.4112253290292398,0.19477235286043157
0.0,0.16859818856965791,0.07260482721329203,0.410773026245614,0.0
0.5109613379768304,0.09075980402656579,0.1582854052991201,0.35723684210526313,1.329744270781448
0.4726058621002255,0.09960650141344388,0.15269625915548346,0.3577302632046784,1.3992193531711217
0.4246169870402617,0.1084804660648693,0.14658604925527208,0.3564555920467836,1.4262106571870479
0.38203429835727476,0.11615249513490122,0.13902570908912157,0.35662006587134504,1.448649064045137
0.344466732831463,0.1220530359855134,0.1330777171508627,0.3553453947134503,1.433896949791837
0.307496090548192,0.12649209225528768,0.12657916728112864,0.35686677632748537,1.394659376648658
0.28071705389755347,0.12912654519882288,0.12160448311458487,0.3539062499181287,1.3528889618871944
0.25388006009601766,0.13143385896595597,0.11704763309246423,0.3576480263859649,1.2938997421210328
0.23071431539266382,0.1329795932744102,0.11205820183847023,0.3564967105497076,1.2426342058489066
0.21264124547202382,0.13419662444864536,0.1079486801356732,0.3573601974269006,1.199773245430461
0.1913841914611529,0.1351129677330343,0.10245784790837142,0.3547286184795322,1.1454741059831204
0.16711501814967725,0.13562703386764252,0.09668190532369857,0.3557565789941521,1.0640056998427565
0.1427233203521906,0.13561295824729014,0.09062576807747136,0.35641447373099416,0.969330416573523
0.12153496504156862,0.1350865164464784,0.08513985154598633,0.35612664477192985,0.8752009186487792
0.10109379662540652,0.13427013046604108,0.07968834488521849,0.35612664477192985,0.773101510497921
0.08180976456412445,0.13313048120466095,0.07447279162365433,0.35538651321637427,0.6637620547136993
0.07020983557638918,0.1323000876020372,0.07127267364695472,0.35723684210526313,0.5915104854163244
0.0520497709099013,0.13093876431964876,0.06655852135869832,0.3559621711345029,0.4647408049173376
0.042744756235292336,0.13010163889859563,0.06438086811188123,0.35538651321637427,0.3920452482020051
0.02838082593307472,0.12950787891348994,0.06127414835569975,0.3564967105497076,0.27225216839552724
0.017149296676399375,0.12862669068089896,0.05875239640171066,0.3570723684678363,0.17040378418289953
0.0,0.12744998241907418,0.055272083763456714,0.3562088815906433,0.0
0.4234297507393963,0.0628668883542873,0.09729145160497468,0.2954769736608187,1.2418125980844772
0.3890096952516214,0.06891185730938465,0.09455832473086566,0.29629934203508773,1.286713986661632
0.34889154293031355,0.0747561636767533,0.09084205869340806,0.29407894736842105,1.30310043991183
0.31419031853533425,0.08019445299521381,0.08703731013124907,0.2959292762573099,1.3138902134311194
0.28377426409763434,0.0841078834421678,0.0833357911812417,0.2962582237192983,1.2998868728276076
0.25307066664652134,0.08713223786928019,0.0795851152730669,0.29662828949707604,1.2575238729167673
0.23427614233426378,0.08900966723125545,0.07687656687804158,0.2951891447017544,1.2311151383694876
0.2098544626297957,0.09044884841366058,0.07441380327385341,0.2944901316491228,1.157697671269442
0.19237182380648402,0.0915931895484915,0.07175441183699552,0.2947779606081871,1.114508658399966
0.1758166174365328,0.09241460739320939,0.06945386619475986,0.2953536183391813,1.0617726341007223
0.15704357622297851,0.0929707643925428,0.06635206213439512,0.2957236841169591,0.9987103809343657
0.13854320510835036,0.0933501261603972,0.06310770289534483,0.29555921047953215,0.9301332681821737
0.11835534839448068,0.09336406578441767,0.05954382342820626,0.29584703943859647,0.8422835843110457
0.10091343302750214,0.0930597739917759,0.056491176326008946,0.2953536183391813,0.75449743338349
0.0833728370532932,0.09240964352709478,0.053354962394927,0.29564144729824565,0.655381936892399
0.068243187733009,0.09160046535224851,0.05049402742958266,0.2959703947602339,0.5618810483985479
0.05827266915461409,0.09107014765597742,0.04859165314850317,0.2954769736608187,0.4956860399242143
0.043073494861053926,0.09010436970494032,0.045839355060708846,0.29543585534502925,0.3842774282827781
0.03515803533993344,0.08952162542271909,0.04458437791869439,0.2948190789239766,0.32040350369723714
0.023818736472730157,0.08900028348435386,0.042862409674089365,0.2955180921637427,0.22447135963543227
0.014095391568426738,0.08866546051519898,0.04148011601042127,0.2969983552748538,0.13674739671986047
0.0,0.08793420823853539,0.03952366907535761,0.2966694078128655,0.0
0.3186194960773278,0.03659715690148405,0.05161972177161677,0.22495888149707605,1.0252539368410483
0.29252319702503937,0.040135373468706805,0.050149928722410655,0.2256578947368421,1.0625385857646255
0.26386556962790325,0.043419140898931674,0.048671778990316085,0.22454769740350877,1.0683514447137012
0.23915835357308785,0.04643200363599793,0.046968490389814675,0.22619243415204676,1.0730594623104661
0.21526489841091173,0.0485833976085997,0.04543626800373593,0.22508223681871345,1.0446862048865215
0.19339805490607873,0.0504500832603543,0.04383571744580445,0.22495888149707605,1.010213762733926
0.17638344073308831,0.0515020828858204,0.0425655016467581,0.22360197370760235,0.9686173818450506
0.1583146202165874,0.05233723636006089,0.04183355453964508,0.22393092098245615,0.8989477561022868
0.14538557204534208,0.05290325309345756,0.04060118959838765,0.22611019733333332,0.8597899017345794
0.13363738606875347,0.05343513474754558,0.03966573268446148,0.22421874994152044,0.8170841970462063
0.1186086600967731,0.05376696579739851,0.03830064395615199,0.22602796051461987,0.7557066838061429
0.10433998727067381,0.05398224799080719,0.03689082239591014,0.22450657890058479,0.692964232616415
0.0889978677434342,0.0539638204878338,0.035313375608317356,0.22623355265497078,0.6172633158133829
0.07663564286874441,0.053837343899160346,0.033967949663274835,0.22425986844444445,0.5512803438450152
0.06313988943994742,0.05346797786170111,0.032621540579068964,0.22483552636257312,0.4696999567031119
0.047369878523700344,0.052903525086121374,0.030934473774762817,0.2256578947368421,0.3676813148080598
0.04123668992192428,0.05265288384641689,0.030275770535319272,0.2256578947368421,0.32549038617246767
0.03261547519670019,0.052192332268414056,0.029374723492110306,0.22310855260818713,0.263017132108016
0.02694287478800195,0.051885320549134153,0.028810401612348227,0.22557565791812867,0.2202249577073181
0.018182255999214334,0.051688397860532906,0.02810401612348228,0.22598684201169592,0.1517748679750755
0.010645819719501555,0.05147739955157929,0.027502334955512953,0.22578125005847954,0.09043854167255759
0.0,0.05105737488048472,0.026682888462861917,0.22619243415204676,0.0
0.18650422296340224,0.013425829878516517,0.021962345770043752,0.1343749999532164,0.5174620391809925
0.17111040235247013,0.01468318396516209,0.02167379442560094,0.13569078942690058,0.5261252115609784
0.15634148022799468,0.015844184650651603,0.021346900653787543,0.1370065789005848,0.5266677144787812
0.1422209463517449,0.01685314143706916,0.02101951531239247,0.13630756584795323,0.5175462222307861
0.12796301507499724,0.017651371907196917,0.02065427911320847,0.13462171059649122,0.49634116858339977
0.11485147860377799,0.018284094841393938,0.020318045519343263,0.13622532902923978,0.4690893118314635
0.10422832237301835,0.018664612578069544,0.020328860050140098,0.13441611845614035,0.4343292837754653
0.09444041013360126,0.01898508793420824,0.020036867718625572,0.13601973688888888,0.40613279229320937
0.08684011475279799,0.019232737254610766,0.01980779629356535,0.13626644734502924,0.38269495483513233
0.07940955945955133,0.019359553834113984,0.019575283881433418,0.13507401319298246,0.356440851575155
0.07146364587543391,0.019526557329695705,0.01931573514230939,0.13536184215204677,0.32788912942129067
0.06256232459404025,0.019596527442461823,0.019025709089121566,0.1370065789005848,0.29246813511166003
0.053190499843244206,0.019599655358095682,0.018734699896770388,0.13495065787134503,0.25255919007021255
0.03879044960584416,0.01939593285289909,0.018229857936390894,0.13462171059649122,0.18731804292449664
0.03349864302361158,0.019343370270617062,0.018071572531091776,0.13564967111111112,0.1627386936382018
0.02815371888964014,0.01921879763059031,0.01788526765963722,0.135814144748538,0.1373074021546963
0.024651973801007015,0.019136791842450426,0.01776237526421865,0.1373355263625731,0.120544444485483
0.01946427762018259,0.019007799321636695,0.017589834341050974,0.13523848683040934,0.09546315639191241
0.016008095587041016,0.018888938527550032,0.01749496141178784,0.13675986844444446,0.07844434549688173
0.010780148105898928,0.018812236596354524,0.01735633878975569,0.13651315780116957,0.0530315659522935
0.006338576468499639,0.01877742153538635,0.017244752494715628,0.13663651312280703,0.03132550889199214
0.0,0.01864162919797727,0.017065821166986184,0.134991776374269,0.0
0.053421738251814024,0.011795573849782125,0.01611463402644644,0.10534539471345028,0.1774778066354662
0.05184922264233615,0.011817197266555326,0.01608563142112766,0.10546875003508771,0.17288050887819087
0.05122101906377128,0.011826921004286672,0.0160925133952711,0.10760690788304093,0.1708533277281783
0.050342572797014463,0.01182862095843551,0.016112667748119747,0.10345394732163743,0.16773723540595303
0.04877029326554432,0.01182080116935086,0.016106768913139655,0.10444078952046783,0.1624505785069957
0.047520142175619375,0.011835624769528715,0.016072850612004128,0.10509868425730994,0.1588193527590697
0.04621522098790148,0.011839704659485924,0.016044831145848693,0.10431743419883041,0.1547811833821981
0.0449506691395051,0.011870507828662846,0.016015336970948237,0.10345394732163743,0.1512156670417596
0.043210656183544034,0.011884243458185447,0.015982893378557735,0.10694901314619883,0.14582581415795431
0.04174284117049365,0.011864387993727033,0.015940618394533746,0.10402960523976608,0.1410098957371731
0.03925080172091424,0.011855616230319036,0.015888512018876273,0.10530427639766082,0.132928115626389
0.0365236285756375,0.011830048919920531,0.01583886349112717,0.10596217113450293,0.12381231755668272
0.032956489878863654,0.011795573849782125,0.015791672811286437,0.1051809210760234,0.11172729829289008
0.029658125993888413,0.011745731194138232,0.015728260335250457,0.10657894736842105,0.10052416747073781
0.025898819798823764,0.011696772514651736,0.01566140687214275,0.10575657899415204,0.08778951620242383
0.02192444653871868,0.011616194687996876,0.015594061839453374,0.1073190789239766,0.0741243127056126
0.018975242027173524,0.011574987799429073,0.015542447033377574,0.10703124996491228,0.06413806899448272
0.014711791246605198,0.011488086143340542,0.015475102000688197,0.1063322369122807,0.04956865417404746
0.012277000713899896,0.01145510703285311,0.015434301725409232,0.10505756575438598,0.04135536489391362
0.008397058656886112,0.01138472893109127,0.01537678808435334,0.1056743421754386,0.028217053586890507
0.005018546288287131,0.01136358150147974,0.015335004669911027,0.10785361833918128,0.016878609414439055
0.0,0.011287559551943766,0.015283881433416899,0.10513980257309942,0.0
